analysis,host,mass,bin,n_planets,observed,null_mean,null_sd,residual,accepted,attempts
full,55 Cnc,1.015,G,5,25.0,15.5,16.101385881769833,9.5,2000,2000
full,61 Vir,0.942,G,3,0.0,24.05,24.988191308144458,-24.05,2000,2000
full,AU Mic,0.635,K,3,100.0,91.075,19.410892982631985,8.924999999999997,2000,2000
full,Barnard's star,0.162,M,4,100.0,87.78333333333333,19.216425900803966,12.216666666666669,2000,2000
full,CoRoT-7,0.82,K,3,0.0,39.775,32.438025336692,-39.775,2000,2000
full,DMPP-1,1.21,F,4,100.0,75.0,23.961969386453355,25.0,2000,2000
full,DMPP-2,1.41,F,3,50.0,62.525,28.280280446471277,-12.524999999999999,2000,2000
full,EPIC 206024342,0.928,G,3,0.0,32.2,25.66104527532562,-32.2,2000,2000
full,EPIC 249893012,1.05,G,3,50.0,41.8,27.076310001210295,8.200000000000003,2000,2000
full,GJ 1061,0.12,M,3,50.0,68.8,36.67059266201041,-18.799999999999997,2000,2000
full,GJ 163,0.4,M,3,50.0,15.875,23.28100894911654,34.125,2000,2000
full,GJ 180,0.43,M,3,50.0,58.95,37.52467922281799,-8.950000000000003,2000,2000
full,GJ 3138,0.681,K,3,0.0,15.925,23.300554347835988,-15.925,2000,2000
full,GJ 3293,0.42,M,4,100.0,61.54999999999998,27.29006507144275,38.45000000000002,2000,2000
full,GJ 357,0.342,M,3,50.0,33.9,27.49851057861172,16.1,2000,2000
full,GJ 3998,0.52,M,3,50.0,31.7,26.181152120622603,18.3,2000,2000
full,GJ 433,0.48,M,3,0.0,10.1,20.07963136608586,-10.1,2000,2000
full,GJ 581,0.295,M,3,50.0,54.825,39.6390590516633,-4.825000000000003,2000,2000
full,GJ 676 A,0.626,K,3,0.0,10.4,20.298916794043613,-10.4,2000,2000
full,GJ 887,0.495,M,4,66.66666666666666,61.399999999999984,25.217325637579243,5.266666666666673,2000,2000
full,GJ 9827,0.62,K,3,100.0,63.25,25.73458051566333,36.75,2000,2000
full,HD 108236,0.869,K,5,100.0,80.1625,18.610058056879893,19.837500000000006,2000,2000
full,HD 110067,0.798,K,6,100.0,93.71,11.040690577324051,6.290000000000006,2000,2000
full,HD 125612,1.05,G,3,0.0,1.7,9.063723050588475,-1.7,2000,2000
full,HD 134606,1.046,G,5,0.0,39.5875,19.57891750724176,-39.5875,2000,2000
full,HD 136352,0.87,K,3,100.0,43.1,31.86530556654721,56.9,2000,2000
full,HD 141399,1.07,G,4,0.0,30.083333333333325,25.435864715577033,-30.083333333333325,2000,2000
full,HD 158259,1.08,G,5,100.0,86.275,15.964861834876723,13.724999999999994,2000,2000
full,HD 160691,1.13,F,4,0.0,0.0,0.0,0.0,2000,2000
full,HD 164922,0.926,G,4,33.33333333333333,30.566666666666656,22.59155865792864,2.766666666666673,2000,2000
full,HD 181433,0.86,K,3,0.0,0.0,0.0,0.0,2000,2000
full,HD 191939,0.81,K,6,40.0,43.11,18.652127249337077,-3.1099999999999994,2000,2000
full,HD 204313,1.03,G,3,50.0,0.0,0.0,50.0,2000,2000
full,HD 20781,0.7,K,4,66.66666666666666,55.54999999999999,25.045736608031657,11.116666666666667,2000,2000
full,HD 20794,0.79,K,3,0.0,24.675,25.00413922712087,-24.675,2000,2000
full,HD 219134,0.81,K,4,0.0,20.249999999999993,20.59219289179604,-20.249999999999993,2000,2000
full,HD 224018,1.013,G,3,50.0,36.5,22.259778724741114,13.5,2000,2000
full,HD 22946,1.098,G,3,50.0,37.25,27.254520807605957,12.75,2000,2000
full,HD 23472,0.67,K,5,75.0,74.575,21.140431261375877,0.42499999999999716,2000,2000
full,HD 27894,0.81,K,3,50.0,5.8,16.015250360892303,44.2,2000,2000
full,HD 28109,1.227,F,3,100.0,72.425,31.959037298274744,27.575000000000003,2000,2000
full,HD 28471,0.98,G,3,0.0,71.075,31.58469837731228,-71.075,2000,2000
full,HD 31527,0.96,G,3,0.0,31.35,25.39685019840059,-31.35,2000,2000
full,HD 3167,0.837,K,4,33.33333333333333,32.88333333333332,22.621229557210334,0.45000000000000995,2000,2000
full,HD 33142,1.52,F,3,50.0,52.225,39.96370758528269,-2.2250000000000014,2000,2000
full,HD 34445,1.14,F,6,40.0,55.54,20.734593357016685,-15.54,2000,2000
full,HD 37124,0.85,K,3,0.0,39.575,43.6006867485189,-39.575,2000,2000
full,HD 39091,1.07,G,3,0.0,11.55,21.078891333035404,-11.55,2000,2000
full,HD 39194,0.86,K,3,50.0,59.675,36.273988974719465,-9.674999999999997,2000,2000
full,HD 48948,0.686,K,3,50.0,28.875,24.70403853137944,21.125,2000,2000
full,HD 63433,0.956,G,3,50.0,62.4,33.53061513118329,-12.399999999999999,2000,2000
full,HD 69830,0.86,K,3,0.0,26.975,24.928098203433414,-26.975,2000,2000
full,HD 73344,1.2,F,3,0.0,6.75,17.090451771994953,-6.75,2000,2000
full,HD 93385,1.04,G,3,100.0,56.775,36.069375860104216,43.225,2000,2000
full,HD 96700,0.89,K,3,50.0,36.3,23.023358519528802,13.700000000000003,2000,2000
full,HIP 14810,1.01,G,3,0.0,4.1,13.721666883838695,-4.1,2000,2000
full,HIP 41378,1.16,F,6,80.0,68.5,18.781010707136897,11.5,2000,2000
full,HR 858,1.204,F,3,50.0,73.5,28.073903754839975,-23.5,2000,2000
full,K2-133,0.461,M,4,66.66666666666666,67.85,25.309813950916435,-1.1833333333333371,2000,2000
full,K2-136,0.742,K,3,50.0,65.825,30.84307089949468,-15.825000000000003,2000,2000
full,K2-138,0.935,G,6,80.0,75.92,17.97540423964895,4.079999999999998,2000,2000
full,K2-148,0.65,K,3,100.0,92.7,20.47973900846706,7.299999999999997,2000,2000
full,K2-155,0.65,K,3,50.0,56.775,31.278403799940563,-6.774999999999999,2000,2000
full,K2-16,0.68,K,3,50.0,50.9,35.17539842456889,-0.8999999999999986,2000,2000
full,K2-165,0.834847,K,3,0.0,58.375,35.45049708920787,-58.375,2000,2000
full,K2-187,0.966999,G,4,33.33333333333333,54.383333333333326,22.85078946753579,-21.049999999999997,2000,2000
full,K2-19,0.892,K,3,50.0,66.725,33.86883410987129,-16.724999999999994,2000,2000
full,K2-198,0.799,K,3,50.0,62.425,26.119159255996735,-12.424999999999997,2000,2000
full,K2-219,1.021545,G,3,100.0,72.75,25.841272911620404,27.25,2000,2000
full,K2-233,0.79,K,3,50.0,41.75,25.637202130235142,8.25,2000,2000
full,K2-239,0.4,M,3,100.0,92.05,18.288376974630175,7.950000000000003,2000,2000
full,K2-266,0.686,K,4,33.33333333333333,46.03333333333333,22.584865489652664,-12.700000000000003,2000,2000
full,K2-268,0.84,K,5,50.0,73.425,19.8800649770504,-23.424999999999997,2000,2000
full,K2-285,0.83,K,4,100.0,83.85,20.492511487592004,16.150000000000006,2000,2000
full,K2-3,0.549,M,3,100.0,66.95,28.646252877155693,33.05,2000,2000
full,K2-32,0.83,K,4,66.66666666666666,70.23333333333332,25.622178396667863,-3.566666666666663,2000,2000
full,K2-352,0.98,G,3,50.0,69.625,35.52098316660958,-19.625,2000,2000
full,K2-368,0.746,K,3,0.0,70.75,34.929178687193335,-70.75,2000,2000
full,K2-37,0.84,K,3,0.0,68.425,27.058001454678077,-68.425,2000,2000
full,K2-381,0.754,K,3,100.0,74.075,26.87015775333008,25.924999999999997,2000,2000
full,K2-384,0.33,M,5,50.0,84.75,16.58538626377931,-34.75,2000,2000
full,K2-58,0.89,K,3,0.0,44.325,30.32332645115855,-44.325,2000,2000
full,K2-72,0.271365,M,4,100.0,80.15,20.68473097998918,19.849999999999994,2000,2000
full,K2-80,0.9,G,3,100.0,61.925,26.256219635255327,38.075,2000,2000
full,KOI-142,0.99,G,3,50.0,7.6,17.955533982599913,42.4,2000,2000
full,KOI-351,1.2,F,8,85.71428571428571,76.69285714285714,15.248133968766755,9.021428571428572,2000,2000
full,KOI-7892,1.04,G,3,100.0,53.65,36.84231504790442,46.35,2000,2000
full,KOI-94,1.277,F,4,33.33333333333333,56.316666666666656,26.820668993403913,-22.983333333333327,2000,2000
full,Kepler-10,0.91,G,3,0.0,15.0,22.918608843375676,-15.0,2000,2000
full,Kepler-100,1.13,F,4,0.0,68.08333333333331,25.09929699368114,-68.08333333333331,2000,2000
full,Kepler-102,0.803,K,5,100.0,86.45,16.30660764004467,13.549999999999997,2000,2000
full,Kepler-104,0.818,K,3,0.0,66.2,32.18039448009373,-66.2,2000,2000
full,Kepler-106,1.0,G,4,66.66666666666666,70.38333333333331,25.240056946880795,-3.7166666666666544,2000,2000
full,Kepler-107,1.238,F,4,100.0,79.13333333333333,21.378329236048987,20.866666666666674,2000,2000
full,Kepler-1073,1.0,G,3,50.0,74.325,27.24730413804998,-24.325000000000003,2000,2000
full,Kepler-11,0.961,G,6,80.0,82.06,15.552406201914053,-2.0600000000000023,2000,2000
full,Kepler-1130,0.9,G,3,100.0,68.175,29.89759702976273,31.825000000000003,2000,2000
full,Kepler-114,0.77,K,3,50.0,90.725,19.439993098399828,-40.724999999999994,2000,2000
full,Kepler-122,0.982,G,5,50.0,75.4875,20.301623622529686,-25.487499999999997,2000,2000
full,Kepler-124,0.706,K,3,50.0,42.675,29.71591985698025,7.325000000000003,2000,2000
full,Kepler-1254,0.78,K,3,50.0,72.75,28.988923381861213,-22.75,2000,2000
full,Kepler-126,1.108,F,3,0.0,43.25,28.192816770566388,-43.25,2000,2000
full,Kepler-127,1.248,F,3,100.0,73.525,27.806671510453118,26.474999999999994,2000,2000
full,Kepler-129,1.178,F,3,0.0,9.55,19.659367878258102,-9.55,2000,2000
full,Kepler-130,0.927,G,3,0.0,40.475,30.182442991455577,-40.475,2000,2000
full,Kepler-1311,1.05,G,3,0.0,18.375,24.112239112896976,-18.375,2000,2000
full,Kepler-132,0.929,G,4,0.0,54.749999999999986,22.4578793486626,-54.749999999999986,2000,2000
full,Kepler-1321,0.54,M,3,100.0,62.05,32.56267286068384,37.95,2000,2000
full,Kepler-138,0.535,M,4,100.0,83.7,19.495014320262225,16.299999999999997,2000,2000
full,Kepler-1388,0.63,K,4,66.66666666666666,70.88333333333333,26.369398411535546,-4.216666666666669,2000,2000
full,Kepler-139,1.078,G,5,0.0,36.225,19.600802808440466,-36.225,2000,2000
full,Kepler-142,0.978,G,3,50.0,29.15,24.65930941389854,20.85,2000,2000
full,Kepler-1468,1.04,G,3,100.0,63.725,30.632393748667223,36.275,2000,2000
full,Kepler-148,0.86,K,3,0.0,23.075,24.932011101970783,-23.075,2000,2000
full,Kepler-149,1.013,G,3,0.0,60.575,32.17043430576763,-60.575,2000,2000
full,Kepler-150,0.956,G,5,50.0,40.275,19.668955460431857,9.725000000000001,2000,2000
full,Kepler-1530,0.92,G,3,50.0,72.675,30.782595067335365,-22.674999999999997,2000,2000
full,Kepler-154,0.933,G,5,50.0,69.8625,20.609608723502443,-19.862499999999997,2000,2000
full,Kepler-1542,0.94,G,4,33.33333333333333,59.399999999999984,22.402922699342966,-26.066666666666656,2000,2000
full,Kepler-157,0.95,G,3,50.0,47.825,27.60254200544909,2.174999999999997,2000,2000
full,Kepler-158,0.655,K,3,50.0,22.625,24.893155878771225,27.375,2000,2000
full,Kepler-160,1.003,G,3,0.0,52.55,38.84909427596776,-52.55,2000,2000
full,Kepler-164,1.036,G,4,33.33333333333333,52.716666666666654,23.772347521811835,-19.383333333333326,2000,2000
full,Kepler-166,0.811,K,3,0.0,28.05,24.819458147819738,-28.05,2000,2000
full,Kepler-1669,0.67,K,3,100.0,60.25,33.32405657138978,39.75,2000,2000
full,Kepler-167,0.777,K,4,66.66666666666666,26.14999999999999,21.532104820272856,40.516666666666666,2000,2000
full,Kepler-169,0.825,K,5,50.0,61.4125,20.22428873106144,-11.412500000000001,2000,2000
full,Kepler-171,0.978,G,3,50.0,43.35,29.473918231683477,6.649999999999999,2000,2000
full,Kepler-172,1.081,G,4,66.66666666666666,61.816666666666656,24.14290892035753,4.850000000000001,2000,2000
full,Kepler-174,0.602,K,3,0.0,30.6,24.37082207239309,-30.6,2000,2000
full,Kepler-176,0.86,K,4,100.0,66.61666666666666,24.850120451729303,33.38333333333334,2000,2000
full,Kepler-178,0.852,K,3,0.0,40.375,28.836177582488016,-40.375,2000,2000
full,Kepler-18,0.972,G,3,50.0,67.5,32.69991807820259,-17.5,2000,2000
full,Kepler-184,0.872,K,3,50.0,79.725,28.776525488835595,-29.724999999999994,2000,2000
full,Kepler-186,0.478,M,4,66.66666666666666,75.01666666666665,23.189838432500668,-8.349999999999994,2000,2000
full,Kepler-19,0.936,G,3,0.0,53.5,31.94934084124577,-53.5,2000,2000
full,Kepler-191,0.857,K,3,100.0,71.825,29.755034129169033,28.174999999999997,2000,2000
full,Kepler-192,1.028,G,3,50.0,72.95,31.20551861764354,-22.950000000000003,2000,2000
full,Kepler-194,0.94,G,3,50.0,27.425,24.88833239782795,22.575,2000,2000
full,Kepler-196,0.839,K,3,100.0,59.425,32.48764532171075,40.575,2000,2000
full,Kepler-197,0.857,K,4,100.0,77.88333333333333,22.693599189342525,22.116666666666674,2000,2000
full,Kepler-198,0.995,G,3,0.0,24.1,24.990043039690082,-24.1,2000,2000
full,Kepler-1987,0.799,K,4,33.33333333333333,86.18333333333332,19.0570248519861,-52.849999999999994,2000,2000
full,Kepler-20,0.929,G,6,80.0,74.16,17.721496147697476,5.840000000000003,2000,2000
full,Kepler-206,0.957,G,3,100.0,73.475,28.776525488835595,26.525000000000006,2000,2000
full,Kepler-207,1.313,F,3,0.0,73.125,32.588577487999466,-73.125,2000,2000
full,Kepler-208,1.082,G,4,100.0,83.35,19.095195204726767,16.650000000000006,2000,2000
full,Kepler-215,0.788,K,4,33.33333333333333,70.83333333333331,25.15860422543697,-37.499999999999986,2000,2000
full,Kepler-217,1.342,F,3,100.0,90.025,19.986222743424403,9.974999999999994,2000,2000
full,Kepler-218,1.019,G,3,0.0,23.25,24.944911792029973,-23.25,2000,2000
full,Kepler-219,1.164,F,3,0.0,41.3,32.47826070942462,-41.3,2000,2000
full,Kepler-220,0.729,K,4,33.33333333333333,63.13333333333332,23.404902270265858,-29.79999999999999,2000,2000
full,Kepler-221,0.854,K,4,100.0,72.29999999999998,25.511040440757466,27.700000000000017,2000,2000
full,Kepler-222,0.933,G,3,50.0,53.35,35.66389570319491,-3.3500000000000014,2000,2000
full,Kepler-223,1.125,F,4,100.0,95.51666666666665,11.375801998198536,4.4833333333333485,2000,2000
full,Kepler-224,0.777,K,4,33.33333333333333,73.46666666666665,24.62286264642425,-40.133333333333326,2000,2000
full,Kepler-228,1.006,G,3,100.0,68.55,29.89723101243835,31.450000000000003,2000,2000
full,Kepler-229,0.808,K,3,100.0,56.775,29.29639080598715,43.225,2000,2000
full,Kepler-23,1.078,G,3,100.0,94.225,15.985216250313432,5.775000000000006,2000,2000
full,Kepler-235,0.581,M,4,100.0,57.899999999999984,24.154446261354284,42.100000000000016,2000,2000
full,Kepler-244,0.933,G,3,100.0,64.025,34.93078090634911,35.974999999999994,2000,2000
full,Kepler-247,0.887,K,3,0.0,60.9,36.528854055243706,-60.9,2000,2000
full,Kepler-249,0.510238,M,3,0.0,66.7,34.66570142702602,-66.7,2000,2000
full,Kepler-25,1.165,F,3,50.0,27.675,24.862691964585473,22.325,2000,2000
full,Kepler-250,0.806,K,3,50.0,68.2,31.332904037731947,-18.200000000000003,2000,2000
full,Kepler-251,0.891,K,4,66.66666666666666,50.216666666666654,23.786372293070322,16.450000000000003,2000,2000
full,Kepler-253,0.86,K,3,100.0,64.925,33.78705606558212,35.075,2000,2000
full,Kepler-254,0.849,K,3,50.0,68.125,31.90992787124995,-18.125,2000,2000
full,Kepler-255,0.867,K,3,0.0,42.725,28.438156398924395,-42.725,2000,2000
full,Kepler-256,1.037,G,4,33.33333333333333,73.79999999999998,24.047735678023088,-40.466666666666654,2000,2000
full,Kepler-257,0.916,G,3,0.0,39.45,32.50732014379939,-39.45,2000,2000
full,Kepler-26,0.544,M,4,100.0,59.44999999999999,24.808258086352694,40.55000000000001,2000,2000
full,Kepler-265,0.97,G,4,100.0,65.49999999999999,25.474759480202675,34.500000000000014,2000,2000
full,Kepler-267,0.541571,M,3,50.0,45.725,24.561677731916102,4.274999999999999,2000,2000
full,Kepler-271,0.9,G,3,100.0,83.125,27.191065665508827,16.875,2000,2000
full,Kepler-272,0.91,G,3,100.0,100.0,0.0,0.0,2000,2000
full,Kepler-275,1.189,F,3,50.0,72.05,27.55316839393016,-22.049999999999997,2000,2000
full,Kepler-281,0.95,G,3,100.0,49.775,31.211960339493526,50.225,2000,2000
full,Kepler-282,0.86,K,4,100.0,65.58333333333333,24.84891258084441,34.41666666666667,2000,2000
full,Kepler-286,0.83,K,4,33.33333333333333,55.18333333333332,23.689479290348643,-21.849999999999994,2000,2000
full,Kepler-288,0.842,K,3,50.0,44.175,32.63973117269064,5.825000000000003,2000,2000
full,Kepler-289,1.08,G,4,33.33333333333333,65.26666666666667,27.296139035947952,-31.933333333333337,2000,2000
full,Kepler-290,0.756,K,3,50.0,22.075,24.834507270644366,27.925,2000,2000
full,Kepler-292,0.865,K,5,50.0,79.7625,18.6830303099037,-29.762500000000003,2000,2000
full,Kepler-295,0.89,K,3,100.0,74.875,28.686160825587237,25.125,2000,2000
full,Kepler-296,0.498,M,5,25.0,75.05,19.530443392548843,-50.05,2000,2000
full,Kepler-297,0.927,G,3,50.0,48.55,25.50927010776113,1.4500000000000028,2000,2000
full,Kepler-298,0.66,K,3,0.0,49.45,26.268660439021822,-49.45,2000,2000
full,Kepler-299,1.004,G,4,66.66666666666666,59.749999999999986,23.890969942175737,6.916666666666671,2000,2000
full,Kepler-301,1.022,G,3,50.0,61.325,30.95922498716502,-11.325000000000003,2000,2000
full,Kepler-304,0.737,K,4,66.66666666666666,73.63333333333333,24.41737299653724,-6.966666666666669,2000,2000
full,Kepler-305,0.76,K,4,100.0,75.98333333333333,22.226162037500686,24.016666666666666,2000,2000
full,Kepler-306,0.75,K,4,100.0,66.21666666666665,24.417344541705297,33.783333333333346,2000,2000
full,Kepler-310,0.854,K,3,100.0,53.675,29.802490990429263,46.325,2000,2000
full,Kepler-311,0.994,G,3,0.0,28.125,24.810121847202534,-28.125,2000,2000
full,Kepler-319,0.933,G,3,50.0,51.525,30.526878650790355,-1.5249999999999986,2000,2000
full,Kepler-325,0.914,G,3,50.0,46.85,22.756019384090543,3.1499999999999986,2000,2000
full,Kepler-326,0.91,G,3,100.0,75.925,33.04830510381913,24.075000000000003,2000,2000
full,Kepler-327,0.591913,M,3,100.0,63.025,32.35927898560526,36.975,2000,2000
full,Kepler-33,1.291,F,5,75.0,79.0625,19.14397658977452,-4.0625,2000,2000
full,Kepler-331,0.653,K,3,50.0,70.65,28.39860454969901,-20.650000000000006,2000,2000
full,Kepler-332,0.743,K,3,0.0,67.725,31.977893423956445,-67.725,2000,2000
full,Kepler-334,1.022,G,3,100.0,67.875,32.24522060904628,32.125,2000,2000
full,Kepler-336,1.09,G,3,0.0,40.825,29.025688972187293,-40.825,2000,2000
full,Kepler-338,1.105,F,4,100.0,79.15,20.232920560959606,20.849999999999994,2000,2000
full,Kepler-339,0.87,K,3,100.0,90.275,19.795714439117308,9.724999999999994,2000,2000
full,Kepler-341,0.976,G,4,100.0,68.18333333333332,24.488083265128957,31.816666666666677,2000,2000
full,Kepler-342,1.213,F,4,33.33333333333333,48.26666666666666,22.348769799108506,-14.93333333333333,2000,2000
full,Kepler-347,0.922,G,3,0.0,54.05,29.690710148707584,-54.05,2000,2000
full,Kepler-350,1.19,F,3,100.0,93.35,16.982982978718066,6.650000000000006,2000,2000
full,Kepler-351,0.81,K,3,100.0,71.675,30.690639170052048,28.325000000000003,2000,2000
full,Kepler-352,0.798,K,3,100.0,77.625,26.522841204380356,22.375,2000,2000
full,Kepler-354,0.652,K,3,50.0,66.0,27.692660430533945,-16.0,2000,2000
full,Kepler-357,0.794,K,3,100.0,48.625,22.904621495299185,51.375,2000,2000
full,Kepler-359,0.827,K,3,50.0,71.775,30.00082331703332,-21.775000000000006,2000,2000
full,Kepler-363,1.226,F,3,50.0,73.3,36.09378590132025,-23.299999999999997,2000,2000
full,Kepler-37,0.79,K,4,66.66666666666666,80.31666666666666,21.239710093705487,-13.650000000000006,2000,2000
full,Kepler-372,1.202,F,3,100.0,67.25,27.88953949434453,32.75,2000,2000
full,Kepler-374,1.033,G,3,50.0,71.1,30.663661393659964,-21.099999999999994,2000,2000
full,Kepler-381,1.144,F,3,100.0,78.45,24.7669982456706,21.549999999999997,2000,2000
full,Kepler-385,0.992,G,3,50.0,60.15,27.92610666951013,-10.149999999999999,2000,2000
full,Kepler-394,0.87,K,3,100.0,93.675,16.624757630808986,6.325000000000003,2000,2000
full,Kepler-398,0.649,K,3,100.0,70.375,27.955323733817345,29.625,2000,2000
full,Kepler-399,0.902,G,3,50.0,70.95,33.788582896698756,-20.950000000000003,2000,2000
full,Kepler-401,1.173,F,3,50.0,36.575,23.26564033096887,13.424999999999997,2000,2000
full,Kepler-402,1.072,G,4,100.0,93.85,14.163726165906514,6.150000000000006,2000,2000
full,Kepler-403,1.299,F,3,50.0,47.275,24.2201916557636,2.7250000000000014,2000,2000
full,Kepler-411,0.87,K,4,100.0,51.91666666666666,25.927168250142163,48.08333333333334,2000,2000
full,Kepler-416,1.0,G,3,50.0,60.1,36.45071092809551,-10.100000000000001,2000,2000
full,Kepler-431,1.071,G,3,100.0,72.1,30.65223939437288,27.900000000000006,2000,2000
full,Kepler-444,0.758,K,5,100.0,53.9,20.901756905123083,46.1,2000,2000
full,Kepler-445,0.18,M,3,100.0,90.225,19.834214706827147,9.775000000000006,2000,2000
full,Kepler-446,0.22,M,3,50.0,70.0,31.3925587739067,-20.0,2000,2000
full,Kepler-450,1.19,F,3,100.0,71.075,29.026119837422435,28.924999999999997,2000,2000
full,Kepler-454,1.03,G,3,0.0,0.0,0.0,0.0,2000,2000
full,Kepler-47,0.957,G,3,50.0,60.425,35.682011966661776,-10.424999999999997,2000,2000
full,Kepler-48,0.88,K,5,25.0,23.075,17.46988762089623,1.9250000000000007,2000,2000
full,Kepler-487,0.91,G,3,50.0,31.35,26.55240130397821,18.65,2000,2000
full,Kepler-49,0.607,K,4,66.66666666666666,78.36666666666666,21.239428769272504,-11.700000000000003,2000,2000
full,Kepler-51,1.04,G,4,66.66666666666666,74.63333333333333,23.924338334845498,-7.966666666666669,2000,2000
full,Kepler-529,1.07,G,3,0.0,32.0,24.00600225093791,-32.0,2000,2000
full,Kepler-53,0.98,G,3,0.0,77.75,32.870621212101156,-77.75,2000,2000
full,Kepler-54,0.51,M,3,50.0,78.2,27.479766534386574,-28.200000000000003,2000,2000
full,Kepler-549,0.88,K,3,50.0,63.8,33.280832425037865,-13.799999999999997,2000,2000
full,Kepler-55,0.62,K,5,50.0,65.675,22.238292331537316,-15.674999999999997,2000,2000
full,Kepler-56,1.32,F,3,50.0,9.55,19.659367878258102,40.45,2000,2000
full,Kepler-60,1.041,G,3,100.0,87.6,29.05446748850373,12.400000000000006,2000,2000
full,Kepler-603,1.01,G,3,0.0,28.375,24.777335069909824,-28.375,2000,2000
full,Kepler-616,0.98,G,3,50.0,44.25,31.502916005640323,5.75,2000,2000
full,Kepler-619,1.09,G,3,0.0,42.55,28.546540113930412,-42.55,2000,2000
full,Kepler-62,0.69,K,5,25.0,52.7125,22.667967754764994,-27.7125,2000,2000
full,Kepler-65,1.25,F,4,66.66666666666666,29.94999999999999,21.509841493720657,36.71666666666667,2000,2000
full,Kepler-68,1.057,G,4,33.33333333333333,19.783333333333328,20.560154938537288,13.55,2000,2000
full,Kepler-758,1.16,F,4,66.66666666666666,80.38333333333333,20.853015548406052,-13.716666666666669,2000,2000
full,Kepler-763,0.84,K,3,100.0,63.225,33.2325379077177,36.775,2000,2000
full,Kepler-770,0.94,G,3,0.0,36.4,23.190707286588438,-36.4,2000,2000
full,Kepler-79,1.165,F,4,66.66666666666666,75.18333333333331,23.72230517403977,-8.516666666666652,2000,2000
full,Kepler-81,0.64,K,3,50.0,70.5,29.541265090912844,-20.5,2000,2000
full,Kepler-82,0.91,G,5,75.0,65.6375,17.597895803713556,9.362499999999997,2000,2000
full,Kepler-83,0.66,K,3,50.0,72.025,32.15845857980626,-22.025000000000006,2000,2000
full,Kepler-84,1.0,G,5,50.0,73.8625,20.566479615916183,-23.862499999999997,2000,2000
full,Kepler-85,0.928,G,4,100.0,92.76666666666665,14.568096926412938,7.2333333333333485,2000,2000
full,Kepler-9,1.022,G,3,50.0,24.175,24.992632731375515,25.825,2000,2000
full,Kepler-92,1.21,F,3,100.0,68.675,35.82088696517,31.325000000000003,2000,2000
full,Kepler-968,0.76,K,3,50.0,92.675,18.581361858169924,-42.675,2000,2000
full,L 98-59,0.2923,M,5,75.0,75.3,20.72437574150154,-0.29999999999999716,2000,2000
full,LHS 1678,0.345,M,3,50.0,58.775,28.803892221426462,-8.774999999999999,2000,2000
full,LHS 1903,0.538,M,4,66.66666666666666,58.76666666666666,25.23484272851042,7.899999999999999,2000,2000
full,LP 791-18,0.139,M,3,50.0,60.275,30.718824816373584,-10.274999999999999,2000,2000
full,PSR B1257+12,1.4,F,3,100.0,71.125,32.79515415527169,28.875,2000,2000
full,TOI-1117,0.97,G,3,50.0,70.6,33.1464831418408,-20.599999999999994,2000,2000
full,TOI-1136,1.022,G,6,100.0,85.7,14.381008542635376,14.299999999999997,2000,2000
full,TOI-1203,0.886,K,4,33.33333333333333,39.08333333333333,22.285202704355896,-5.75,2000,2000
full,TOI-1246,0.87,K,4,66.66666666666666,67.4,25.858953069256884,-0.7333333333333485,2000,2000
full,TOI-125,0.859,K,3,50.0,68.475,31.826574437413306,-18.474999999999994,2000,2000
full,TOI-1260,0.679,K,3,50.0,62.225,32.51658098600635,-12.225000000000001,2000,2000
full,TOI-1266,0.437,M,3,0.0,69.8,30.59293977345085,-69.8,2000,2000
full,TOI-1749,0.58,M,3,50.0,60.3,26.537937581235152,-10.299999999999997,2000,2000
full,TOI-178,0.647,K,6,100.0,83.03,15.784285597895076,16.97,2000,2000
full,TOI-2076,0.849,K,4,100.0,62.66666666666666,25.25177537150685,37.33333333333334,2000,2000
full,TOI-2141,0.896,K,3,0.0,38.7,24.44603862392026,-38.7,2000,2000
full,TOI-270,0.386,M,3,100.0,67.2,25.922885603246407,32.8,2000,2000
full,TOI-375,1.441,F,3,0.0,11.425,20.99856768740338,-11.425,2000,2000
full,TOI-4010,0.88,K,4,66.66666666666666,17.61666666666666,19.446734343513885,49.05,2000,2000
full,TOI-4504,0.89,K,3,50.0,10.725,20.52888434733542,39.275,2000,2000
full,TOI-451,0.93,G,3,50.0,44.8,26.520023676986302,5.200000000000003,2000,2000
full,TOI-469,0.901,G,3,50.0,70.625,31.20651050901197,-20.625,2000,2000
full,TOI-500,0.74,K,4,66.66666666666666,30.03333333333332,21.79226943342719,36.63333333333334,2000,2000
full,TOI-5789,0.821,K,4,33.33333333333333,49.949999999999996,22.882146526236504,-16.616666666666667,2000,2000
full,TOI-663,0.514,M,3,100.0,81.1,27.489413124273106,18.900000000000006,2000,2000
full,TOI-700,0.415,M,4,66.66666666666666,85.18333333333334,19.722936377017707,-18.51666666666668,2000,2000
full,TOI-712,0.732,K,3,50.0,44.1,28.90688160113351,5.899999999999999,2000,2000
full,TRAPPIST-1,0.0898,M,7,100.0,89.1,12.721103285090901,10.900000000000006,2000,2000
full,Teegarden's Star,0.097,M,3,100.0,60.3,33.6076589093719,39.7,2000,2000
full,V1298 Tau,1.1,F,4,100.0,75.11666666666666,24.347130842853506,24.88333333333334,2000,2000
full,WASP-132,0.789,K,3,0.0,4.1,13.721666883838695,-4.1,2000,2000
full,WASP-47,1.058,G,4,0.0,14.066666666666665,18.50135235349954,-14.066666666666665,2000,2000
full,Wolf 1061,0.294,M,3,0.0,20.95,24.675938705052086,-20.95,2000,2000
full,YZ Cet,0.142,M,3,100.0,92.425,17.93126153035628,7.575000000000003,2000,2000
full,ups And,1.3,F,3,0.0,0.0,0.0,0.0,2000,2000
first_order,55 Cnc,1.015,G,5,0.0,0.7875,4.367709032329827,-0.7875,2000,2000
first_order,61 Vir,0.942,G,3,0.0,3.75,13.172860818025276,-3.75,2000,2000
first_order,AU Mic,0.635,K,3,100.0,47.225,44.407605122279996,52.775,2000,2000
first_order,Barnard's star,0.162,M,4,66.66666666666666,53.33333333333332,23.950368335477343,13.333333333333336,2000,2000
first_order,CoRoT-7,0.82,K,3,0.0,7.5,17.858036138594965,-7.5,2000,2000
first_order,DMPP-1,1.21,F,4,0.0,27.299999999999994,23.46360641437159,-27.299999999999994,2000,2000
first_order,DMPP-2,1.41,F,3,0.0,14.5,22.693776762625387,-14.5,2000,2000
first_order,EPIC 206024342,0.928,G,3,0.0,7.675,18.0279471498898,-7.675,2000,2000
first_order,EPIC 249893012,1.05,G,3,0.0,6.675,17.009968974758923,-6.675,2000,2000
first_order,GJ 1061,0.12,M,3,50.0,17.575,29.627829470610394,32.425,2000,2000
first_order,GJ 163,0.4,M,3,0.0,2.075,9.974674032820847,-2.075,2000,2000
first_order,GJ 180,0.43,M,3,0.0,10.975,20.700570808939254,-10.975,2000,2000
first_order,GJ 3138,0.681,K,3,0.0,3.375,12.547433763404513,-3.375,2000,2000
first_order,GJ 3293,0.42,M,4,0.0,11.333333333333332,18.24371352571265,-11.333333333333332,2000,2000
first_order,GJ 357,0.342,M,3,0.0,6.525,16.846847869603707,-6.525,2000,2000
first_order,GJ 3998,0.52,M,3,0.0,5.325,15.427682317537053,-5.325,2000,2000
first_order,GJ 433,0.48,M,3,0.0,1.5,8.531494194840567,-1.5,2000,2000
first_order,GJ 581,0.295,M,3,0.0,16.575,31.416761154528967,-16.575,2000,2000
first_order,GJ 676 A,0.626,K,3,0.0,1.775,9.254306894524792,-1.775,2000,2000
first_order,GJ 887,0.495,M,4,0.0,16.049999999999997,19.143396347062847,-16.049999999999997,2000,2000
first_order,GJ 9827,0.62,K,3,0.0,16.675,23.579066164303253,-16.675,2000,2000
first_order,HD 108236,0.869,K,5,25.0,29.8875,21.50072055169596,-4.887499999999999,2000,2000
first_order,HD 110067,0.798,K,6,100.0,43.6,21.402547383833976,56.4,2000,2000
first_order,HD 125612,1.05,G,3,0.0,0.0,0.0,0.0,2000,2000
first_order,HD 134606,1.046,G,5,0.0,8.15,13.343220029677251,-8.15,2000,2000
first_order,HD 136352,0.87,K,3,0.0,7.875,18.218131769272645,-7.875,2000,2000
first_order,HD 141399,1.07,G,4,0.0,0.0,0.0,0.0,2000,2000
first_order,HD 158259,1.08,G,5,75.0,43.1375,22.57705595239864,31.862499999999997,2000,2000
first_order,HD 160691,1.13,F,4,0.0,0.0,0.0,0.0,2000,2000
first_order,HD 164922,0.926,G,4,0.0,5.849999999999999,13.071454833557464,-5.849999999999999,2000,2000
first_order,HD 181433,0.86,K,3,0.0,0.0,0.0,0.0,2000,2000
first_order,HD 191939,0.81,K,6,20.0,10.03,12.620568108040336,9.97,2000,2000
first_order,HD 204313,1.03,G,3,0.0,0.0,0.0,0.0,2000,2000
first_order,HD 20781,0.7,K,4,0.0,13.366666666666662,18.7781693238428,-13.366666666666662,2000,2000
first_order,HD 20794,0.79,K,3,0.0,5.45,15.585857675461426,-5.45,2000,2000
first_order,HD 219134,0.81,K,4,0.0,4.066666666666666,11.213711165510558,-4.066666666666666,2000,2000
first_order,HD 224018,1.013,G,3,0.0,7.825,18.1709787087437,-7.825,2000,2000
first_order,HD 22946,1.098,G,3,0.0,6.475,16.791824131964916,-6.475,2000,2000
first_order,HD 23472,0.67,K,5,50.0,32.925,22.106304968485343,17.075000000000003,2000,2000
first_order,HD 27894,0.81,K,3,50.0,0.0,0.0,50.0,2000,2000
first_order,HD 28109,1.227,F,3,50.0,20.75,24.642262894472175,29.25,2000,2000
first_order,HD 28471,0.98,G,3,0.0,22.95,24.922039523823358,-22.95,2000,2000
first_order,HD 31527,0.96,G,3,0.0,5.35,15.459527757963683,-5.35,2000,2000
first_order,HD 3167,0.837,K,4,0.0,6.783333333333332,13.991101851572163,-6.783333333333332,2000,2000
first_order,HD 33142,1.52,F,3,0.0,0.0,0.0,0.0,2000,2000
first_order,HD 34445,1.14,F,6,0.0,6.5,10.853981041637493,-6.5,2000,2000
first_order,HD 37124,0.85,K,3,0.0,0.0,0.0,0.0,2000,2000
first_order,HD 39091,1.07,G,3,0.0,2.225,10.312737331845401,-2.225,2000,2000
first_order,HD 39194,0.86,K,3,0.0,12.175,21.46508210734209,-12.175,2000,2000
first_order,HD 48948,0.686,K,3,0.0,5.3,15.395730390505307,-5.3,2000,2000
first_order,HD 63433,0.956,G,3,0.0,12.125,21.435113880115654,-12.125,2000,2000
first_order,HD 69830,0.86,K,3,0.0,4.525,14.348425476575066,-4.525,2000,2000
first_order,HD 73344,1.2,F,3,0.0,0.65,5.665116660174503,-0.65,2000,2000
first_order,HD 93385,1.04,G,3,0.0,11.9,21.298281818123314,-11.9,2000,2000
first_order,HD 96700,0.89,K,3,0.0,7.15,17.50802003033728,-7.15,2000,2000
first_order,HIP 14810,1.01,G,3,0.0,0.0,0.0,0.0,2000,2000
first_order,HIP 41378,1.16,F,6,80.0,22.23,16.96381400194975,57.769999999999996,2000,2000
first_order,HR 858,1.204,F,3,0.0,31.025,29.225441625732696,-31.025,2000,2000
first_order,K2-133,0.461,M,4,0.0,17.699999999999996,20.92940828539353,-17.699999999999996,2000,2000
first_order,K2-136,0.742,K,3,50.0,28.225,24.797314943642732,21.775,2000,2000
first_order,K2-138,0.935,G,6,80.0,28.05,18.93083961012221,51.95,2000,2000
first_order,K2-148,0.65,K,3,0.0,42.425,35.524644617330004,-42.425,2000,2000
first_order,K2-155,0.65,K,3,0.0,9.8,19.853389598234095,-9.8,2000,2000
first_order,K2-16,0.68,K,3,0.0,10.925,20.66658967910483,-10.925,2000,2000
first_order,K2-165,0.834847,K,3,0.0,14.375,22.635493318655314,-14.375,2000,2000
first_order,K2-187,0.966999,G,4,0.0,16.249999999999996,19.861220188271837,-16.249999999999996,2000,2000
first_order,K2-19,0.892,K,3,50.0,10.4,20.298916794043613,39.6,2000,2000
first_order,K2-198,0.799,K,3,0.0,13.975,22.44328909970208,-13.975,2000,2000
first_order,K2-219,1.021545,G,3,0.0,34.075,27.395613422907854,-34.075,2000,2000
first_order,K2-233,0.79,K,3,0.0,9.35,19.500452143909598,-9.35,2000,2000
first_order,K2-239,0.4,M,3,100.0,70.25,33.02245813640598,29.75,2000,2000
first_order,K2-266,0.686,K,4,33.33333333333333,9.666666666666664,16.2623973053296,23.666666666666664,2000,2000
first_order,K2-268,0.84,K,5,50.0,26.3875,19.791619384197052,23.6125,2000,2000
first_order,K2-285,0.83,K,4,66.66666666666666,30.483333333333324,25.937799449369127,36.18333333333334,2000,2000
first_order,K2-3,0.549,M,3,0.0,17.425,23.830722327771177,-17.425,2000,2000
first_order,K2-32,0.83,K,4,33.33333333333333,19.199999999999992,21.171934065235934,14.133333333333336,2000,2000
first_order,K2-352,0.98,G,3,0.0,20.2,28.807550008092228,-20.2,2000,2000
first_order,K2-368,0.746,K,3,0.0,21.25,29.93970094784554,-21.25,2000,2000
first_order,K2-37,0.84,K,3,0.0,26.075,25.91679407464499,-26.075,2000,2000
first_order,K2-381,0.754,K,3,50.0,25.05,25.006202332172286,24.95,2000,2000
first_order,K2-384,0.33,M,5,0.0,35.5625,23.25707504222661,-35.5625,2000,2000
first_order,K2-58,0.89,K,3,0.0,8.875,19.109342178087648,-8.875,2000,2000
first_order,K2-72,0.271365,M,4,33.33333333333333,35.74999999999999,26.511214189366214,-2.4166666666666643,2000,2000
first_order,K2-80,0.9,G,3,50.0,15.875,23.28100894911654,34.125,2000,2000
first_order,KOI-142,0.99,G,3,50.0,0.0,0.0,50.0,2000,2000
first_order,KOI-351,1.2,F,8,42.857142857142854,32.92857142857142,16.026790722011633,9.92857142857143,2000,2000
first_order,KOI-7892,1.04,G,3,0.0,9.85,19.891589621466515,-9.85,2000,2000
first_order,KOI-94,1.277,F,4,0.0,11.33333333333333,17.433580890026647,-11.33333333333333,2000,2000
first_order,Kepler-10,0.91,G,3,0.0,2.525,10.951453883895304,-2.525,2000,2000
first_order,Kepler-100,1.13,F,4,0.0,20.466666666666665,21.504834238246843,-20.466666666666665,2000,2000
first_order,Kepler-102,0.803,K,5,50.0,47.5625,22.491643576345922,2.4375,2000,2000
first_order,Kepler-104,0.818,K,3,0.0,14.4,22.647217229145664,-14.4,2000,2000
first_order,Kepler-106,1.0,G,4,0.0,17.58333333333333,21.014346190575452,-17.58333333333333,2000,2000
first_order,Kepler-107,1.238,F,4,33.33333333333333,30.349999999999994,24.737850723273862,2.9833333333333343,2000,2000
first_order,Kepler-1073,1.0,G,3,0.0,25.825,24.992632731375515,-25.825,2000,2000
first_order,Kepler-11,0.961,G,6,40.0,37.22,20.853993490990188,2.780000000000001,2000,2000
first_order,Kepler-1130,0.9,G,3,100.0,50.3,43.541450698897044,49.7,2000,2000
first_order,Kepler-114,0.77,K,3,50.0,40.975,33.09602768496942,9.024999999999999,2000,2000
first_order,Kepler-122,0.982,G,5,25.0,23.125,20.290150815360022,1.875,2000,2000
first_order,Kepler-124,0.706,K,3,0.0,11.8,21.236419018901778,-11.8,2000,2000
first_order,Kepler-1254,0.78,K,3,0.0,35.8,28.788441902846994,-35.8,2000,2000
first_order,Kepler-126,1.108,F,3,0.0,8.825,19.067017348691103,-8.825,2000,2000
first_order,Kepler-127,1.248,F,3,50.0,24.55,25.002201003661934,25.45,2000,2000
first_order,Kepler-129,1.178,F,3,0.0,0.775,6.178062740828619,-0.775,2000,2000
first_order,Kepler-130,0.927,G,3,0.0,10.25,20.19012928785574,-10.25,2000,2000
first_order,Kepler-1311,1.05,G,3,0.0,3.675,13.051035965389294,-3.675,2000,2000
first_order,Kepler-132,0.929,G,4,0.0,18.33333333333333,20.29464468691558,-18.33333333333333,2000,2000
first_order,Kepler-1321,0.54,M,3,50.0,10.375,20.280903148436416,39.625,2000,2000
first_order,Kepler-138,0.535,M,4,33.33333333333333,44.43333333333333,25.263020825343155,-11.100000000000001,2000,2000
first_order,Kepler-1388,0.63,K,4,0.0,20.499999999999993,22.50933143537365,-20.499999999999993,2000,2000
first_order,Kepler-139,1.078,G,5,0.0,7.1875,12.348221857478944,-7.1875,2000,2000
first_order,Kepler-142,0.978,G,3,0.0,6.05,16.310441908716907,-6.05,2000,2000
first_order,Kepler-1468,1.04,G,3,0.0,15.275,23.036703754225126,-15.275,2000,2000
first_order,Kepler-148,0.86,K,3,0.0,3.35,12.504226399058815,-3.35,2000,2000
first_order,Kepler-149,1.013,G,3,0.0,11.525,21.06291048499826,-11.525,2000,2000
first_order,Kepler-150,0.956,G,5,0.0,8.7,13.533350501183879,-8.7,2000,2000
first_order,Kepler-1530,0.92,G,3,50.0,22.65,24.89552959261659,27.35,2000,2000
first_order,Kepler-154,0.933,G,5,0.0,20.6,18.629641214094352,-20.6,2000,2000
first_order,Kepler-1542,0.94,G,4,33.33333333333333,46.5,29.23771688608777,-13.166666666666671,2000,2000
first_order,Kepler-157,0.95,G,3,0.0,12.35,21.56872979691957,-12.35,2000,2000
first_order,Kepler-158,0.655,K,3,0.0,5.45,15.585857675461426,-5.45,2000,2000
first_order,Kepler-160,1.003,G,3,0.0,9.875,19.9106150406171,-9.875,2000,2000
first_order,Kepler-164,1.036,G,4,0.0,13.133333333333331,18.25480018998014,-13.133333333333331,2000,2000
first_order,Kepler-166,0.811,K,3,0.0,6.4,16.708668103559226,-6.4,2000,2000
first_order,Kepler-1669,0.67,K,3,50.0,12.825,21.84051004302486,37.175,2000,2000
first_order,Kepler-167,0.777,K,4,0.0,5.783333333333332,13.101102052615728,-5.783333333333332,2000,2000
first_order,Kepler-169,0.825,K,5,25.0,20.8625,18.49634155922564,4.137499999999999,2000,2000
first_order,Kepler-171,0.978,G,3,0.0,10.05,20.042413756196815,-10.05,2000,2000
first_order,Kepler-172,1.081,G,4,0.0,15.583333333333329,19.439758997804578,-15.583333333333329,2000,2000
first_order,Kepler-174,0.602,K,3,0.0,6.425,16.73647004941178,-6.425,2000,2000
first_order,Kepler-176,0.86,K,4,66.66666666666666,24.46666666666666,21.355437106593566,42.199999999999996,2000,2000
first_order,Kepler-178,0.852,K,3,0.0,7.625,17.97973888868391,-7.625,2000,2000
first_order,Kepler-18,0.972,G,3,50.0,16.2,23.45922350769078,33.8,2000,2000
first_order,Kepler-184,0.872,K,3,0.0,22.9,26.80390316003074,-22.9,2000,2000
first_order,Kepler-186,0.478,M,4,0.0,29.416666666666657,23.639543674184427,-29.416666666666657,2000,2000
first_order,Kepler-19,0.936,G,3,0.0,8.3,18.60868457389682,-8.3,2000,2000
first_order,Kepler-191,0.857,K,3,0.0,30.55,38.56735952344036,-30.55,2000,2000
first_order,Kepler-192,1.028,G,3,50.0,25.525,25.00073785804578,24.475,2000,2000
first_order,Kepler-194,0.94,G,3,0.0,6.0,16.252140352366407,-6.0,2000,2000
first_order,Kepler-196,0.839,K,3,0.0,13.025,21.950860920418908,-13.025,2000,2000
first_order,Kepler-197,0.857,K,4,33.33333333333333,37.24999999999999,24.494074836034503,-3.9166666666666643,2000,2000
first_order,Kepler-198,0.995,G,3,0.0,4.675,14.560232662550206,-4.675,2000,2000
first_order,Kepler-1987,0.799,K,4,0.0,39.466666666666654,27.15134000926687,-39.466666666666654,2000,2000
first_order,Kepler-20,0.929,G,6,0.0,24.88,18.42702845520255,-24.88,2000,2000
first_order,Kepler-206,0.957,G,3,0.0,33.25,37.55186508398275,-33.25,2000,2000
first_order,Kepler-207,1.313,F,3,0.0,24.4,24.999049506693634,-24.4,2000,2000
first_order,Kepler-208,1.082,G,4,66.66666666666666,45.4,26.69325004813763,21.26666666666666,2000,2000
first_order,Kepler-215,0.788,K,4,0.0,21.08333333333333,22.25275471815283,-21.08333333333333,2000,2000
first_order,Kepler-217,1.342,F,3,0.0,42.85,30.402954952354836,-42.85,2000,2000
first_order,Kepler-218,1.019,G,3,0.0,4.925,14.903201928238673,-4.925,2000,2000
first_order,Kepler-219,1.164,F,3,0.0,7.175,17.533484723330723,-7.175,2000,2000
first_order,Kepler-220,0.729,K,4,0.0,22.833333333333325,21.653482988925003,-22.833333333333325,2000,2000
first_order,Kepler-221,0.854,K,4,33.33333333333333,21.349999999999994,22.147999414171387,11.983333333333334,2000,2000
first_order,Kepler-222,0.933,G,3,0.0,8.35,18.653457474094953,-8.35,2000,2000
first_order,Kepler-223,1.125,F,4,100.0,62.183333333333344,32.039414716580325,37.816666666666656,2000,2000
first_order,Kepler-224,0.777,K,4,0.0,23.966666666666658,23.244644331079197,-23.966666666666658,2000,2000
first_order,Kepler-228,1.006,G,3,0.0,16.75,23.60542539447292,-16.75,2000,2000
first_order,Kepler-229,0.808,K,3,0.0,7.375,17.73461680771982,-7.375,2000,2000
first_order,Kepler-23,1.078,G,3,50.0,47.175,20.999758806590318,2.825000000000003,2000,2000
first_order,Kepler-235,0.581,M,4,0.0,14.249999999999996,18.615993716572646,-14.249999999999996,2000,2000
first_order,Kepler-244,0.933,G,3,50.0,14.075,22.49216138262019,35.925,2000,2000
first_order,Kepler-247,0.887,K,3,0.0,10.05,20.042413756196815,-10.05,2000,2000
first_order,Kepler-249,0.510238,M,3,0.0,17.725,23.92405808548455,-17.725,2000,2000
first_order,Kepler-25,1.165,F,3,50.0,4.625,14.490146899827803,45.375,2000,2000
first_order,Kepler-250,0.806,K,3,0.0,18.3,24.091496427163882,-18.3,2000,2000
first_order,Kepler-251,0.891,K,4,0.0,11.48333333333333,17.4469586131535,-11.48333333333333,2000,2000
first_order,Kepler-253,0.86,K,3,0.0,14.65,22.762613388715764,-14.65,2000,2000
first_order,Kepler-254,0.849,K,3,50.0,24.425,24.999637316028537,25.575,2000,2000
first_order,Kepler-255,0.867,K,3,0.0,10.6,20.441353293317718,-10.6,2000,2000
first_order,Kepler-256,1.037,G,4,0.0,24.733333333333327,22.917056631059854,-24.733333333333327,2000,2000
first_order,Kepler-257,0.916,G,3,0.0,5.55,15.710535014926371,-5.55,2000,2000
first_order,Kepler-26,0.544,M,4,0.0,14.649999999999997,19.075973886624894,-14.649999999999997,2000,2000
first_order,Kepler-265,0.97,G,4,0.0,16.949999999999992,20.497067768726822,-16.949999999999992,2000,2000
first_order,Kepler-267,0.541571,M,3,50.0,7.05,17.405429454260634,42.95,2000,2000
first_order,Kepler-271,0.9,G,3,0.0,46.725,39.7028025618549,-46.725,2000,2000
first_order,Kepler-272,0.91,G,3,50.0,50.0,0.0,0.0,2000,2000
first_order,Kepler-275,1.189,F,3,0.0,20.7,24.633582904306706,-20.7,2000,2000
first_order,Kepler-281,0.95,G,3,0.0,0.0,0.0,0.0,2000,2000
first_order,Kepler-282,0.86,K,4,33.33333333333333,39.566666666666656,24.92902492472187,-6.233333333333327,2000,2000
first_order,Kepler-286,0.83,K,4,0.0,17.716666666666665,20.47210427696096,-17.716666666666665,2000,2000
first_order,Kepler-288,0.842,K,3,0.0,7.8,18.14730454726447,-7.8,2000,2000
first_order,Kepler-289,1.08,G,4,0.0,22.71666666666666,20.9829528146321,-22.71666666666666,2000,2000
first_order,Kepler-290,0.756,K,3,0.0,4.075,13.683493486569814,-4.075,2000,2000
first_order,Kepler-292,0.865,K,5,0.0,31.85,21.305620496300175,-31.85,2000,2000
first_order,Kepler-295,0.89,K,3,0.0,39.95,36.60146627755278,-39.95,2000,2000
first_order,Kepler-296,0.498,M,5,0.0,24.35,20.304768942810217,-24.35,2000,2000
first_order,Kepler-297,0.927,G,3,50.0,21.35,32.32181693415397,28.65,2000,2000
first_order,Kepler-298,0.66,K,3,0.0,10.075,20.061046777247178,-10.075,2000,2000
first_order,Kepler-299,1.004,G,4,0.0,17.88333333333333,21.157325618441792,-17.88333333333333,2000,2000
first_order,Kepler-301,1.022,G,3,0.0,16.475,23.507459993322726,-16.475,2000,2000
first_order,Kepler-304,0.737,K,4,0.0,21.466666666666665,22.347973916919575,-21.466666666666665,2000,2000
first_order,Kepler-305,0.76,K,4,66.66666666666666,25.749999999999993,23.213651230868457,40.916666666666664,2000,2000
first_order,Kepler-306,0.75,K,4,0.0,16.733333333333327,19.865480579621767,-16.733333333333327,2000,2000
first_order,Kepler-310,0.854,K,3,0.0,10.175,20.135095878664735,-10.175,2000,2000
first_order,Kepler-311,0.994,G,3,0.0,7.9,18.24161117305965,-7.9,2000,2000
first_order,Kepler-319,0.933,G,3,0.0,11.75,21.205243011236224,-11.75,2000,2000
first_order,Kepler-325,0.914,G,3,0.0,8.875,19.109342178087648,-8.875,2000,2000
first_order,Kepler-326,0.91,G,3,100.0,23.4,41.301245700925584,76.6,2000,2000
first_order,Kepler-327,0.591913,M,3,50.0,9.45,19.58032672345634,40.55,2000,2000
first_order,Kepler-33,1.291,F,5,25.0,38.4625,20.95932347119499,-13.462499999999999,2000,2000
first_order,Kepler-331,0.653,K,3,50.0,20.55,25.456266630348164,29.45,2000,2000
first_order,Kepler-332,0.743,K,3,0.0,21.0,24.684097154365666,-21.0,2000,2000
first_order,Kepler-334,1.022,G,3,50.0,21.4,24.745629373417504,28.6,2000,2000
first_order,Kepler-336,1.09,G,3,0.0,10.125,20.098167657067293,-10.125,2000,2000
first_order,Kepler-338,1.105,F,4,33.33333333333333,28.849999999999994,26.092061543994284,4.483333333333334,2000,2000
first_order,Kepler-339,0.87,K,3,50.0,50.8,6.275323883667077,-0.7999999999999972,2000,2000
first_order,Kepler-341,0.976,G,4,66.66666666666666,24.64999999999999,22.207648353174285,42.016666666666666,2000,2000
first_order,Kepler-342,1.213,F,4,33.33333333333333,14.616666666666662,18.955487030873726,18.71666666666667,2000,2000
first_order,Kepler-347,0.922,G,3,0.0,12.45,21.627097948704105,-12.45,2000,2000
first_order,Kepler-350,1.19,F,3,50.0,28.85,33.44004513019016,21.15,2000,2000
first_order,Kepler-351,0.81,K,3,50.0,17.95,26.469753000584568,32.05,2000,2000
first_order,Kepler-352,0.798,K,3,50.0,40.425,24.080267952253482,9.575000000000003,2000,2000
first_order,Kepler-354,0.652,K,3,0.0,19.525,24.399222037147187,-19.525,2000,2000
first_order,Kepler-357,0.794,K,3,0.0,10.775,20.563579586314766,-10.775,2000,2000
first_order,Kepler-359,0.827,K,3,50.0,29.2,39.88302054338201,20.8,2000,2000
first_order,Kepler-363,1.226,F,3,0.0,23.3,24.94837090082843,-23.3,2000,2000
first_order,Kepler-37,0.79,K,4,33.33333333333333,41.54999999999999,26.332273710483612,-8.216666666666661,2000,2000
first_order,Kepler-372,1.202,F,3,50.0,20.175,24.536103708465948,29.825,2000,2000
first_order,Kepler-374,1.033,G,3,50.0,37.5,35.94295407968003,12.5,2000,2000
first_order,Kepler-381,1.144,F,3,50.0,40.95,24.462148277475034,9.049999999999997,2000,2000
first_order,Kepler-385,0.992,G,3,50.0,11.25,20.884338097935842,38.75,2000,2000
first_order,Kepler-394,0.87,K,3,50.0,45.85,23.03351409111716,4.149999999999999,2000,2000
first_order,Kepler-398,0.649,K,3,0.0,32.525,25.955947885124665,-32.525,2000,2000
first_order,Kepler-399,0.902,G,3,0.0,22.525,30.361740606334205,-22.525,2000,2000
first_order,Kepler-401,1.173,F,3,0.0,8.625,18.895446381257404,-8.625,2000,2000
first_order,Kepler-402,1.072,G,4,100.0,60.94999999999999,22.168769435407352,39.05000000000001,2000,2000
first_order,Kepler-403,1.299,F,3,0.0,14.875,22.86363374168544,-14.875,2000,2000
first_order,Kepler-411,0.87,K,4,0.0,8.283333333333331,15.049904940172976,-8.283333333333331,2000,2000
first_order,Kepler-416,1.0,G,3,50.0,15.0,34.505003950859425,35.0,2000,2000
first_order,Kepler-431,1.071,G,3,100.0,53.5,28.384024140583143,46.5,2000,2000
first_order,Kepler-444,0.758,K,5,100.0,38.45,25.13788886777019,61.55,2000,2000
first_order,Kepler-445,0.18,M,3,0.0,0.0,0.0,0.0,2000,2000
first_order,Kepler-446,0.22,M,3,0.0,22.825,24.911436426517366,-22.825,2000,2000
first_order,Kepler-450,1.19,F,3,50.0,19.35,25.017802565825225,30.65,2000,2000
first_order,Kepler-454,1.03,G,3,0.0,0.0,0.0,0.0,2000,2000
first_order,Kepler-47,0.957,G,3,0.0,10.9,20.64953272112472,-10.9,2000,2000
first_order,Kepler-48,0.88,K,5,25.0,3.675,9.167136586557346,21.325,2000,2000
first_order,Kepler-487,0.91,G,3,0.0,5.65,15.83359881472664,-5.65,2000,2000
first_order,Kepler-49,0.607,K,4,33.33333333333333,21.916666666666664,20.960053162646247,11.416666666666664,2000,2000
first_order,Kepler-51,1.04,G,4,66.66666666666666,27.949999999999992,23.680045163304367,38.71666666666667,2000,2000
first_order,Kepler-529,1.07,G,3,0.0,6.95,17.301652336895263,-6.95,2000,2000
first_order,Kepler-53,0.98,G,3,0.0,77.95,31.887394107256174,-77.95,2000,2000
first_order,Kepler-54,0.51,M,3,50.0,35.4,34.130960449870365,14.600000000000001,2000,2000
first_order,Kepler-549,0.88,K,3,0.0,14.775,22.81906505238399,-14.775,2000,2000
first_order,Kepler-55,0.62,K,5,25.0,19.9,17.6534932212142,5.100000000000001,2000,2000
first_order,Kepler-56,1.32,F,3,50.0,1.125,7.416999456685313,48.875,2000,2000
first_order,Kepler-60,1.041,G,3,100.0,88.625,28.058029180624047,11.375,2000,2000
first_order,Kepler-603,1.01,G,3,0.0,4.8,14.733245883617554,-4.8,2000,2000
first_order,Kepler-616,0.98,G,3,0.0,8.1,18.42714790438132,-8.1,2000,2000
first_order,Kepler-619,1.09,G,3,0.0,7.7,18.051951043259397,-7.7,2000,2000
first_order,Kepler-62,0.69,K,5,25.0,10.7875,15.13462494368767,14.2125,2000,2000
first_order,Kepler-65,1.25,F,4,0.0,6.616666666666665,13.710593680742932,-6.616666666666665,2000,2000
first_order,Kepler-68,1.057,G,4,0.0,2.6333333333333324,8.993540749946252,-2.6333333333333324,2000,2000
first_order,Kepler-758,1.16,F,4,33.33333333333333,38.68333333333333,26.35341588944968,-5.350000000000001,2000,2000
first_order,Kepler-763,0.84,K,3,0.0,16.475,23.507459993322726,-16.475,2000,2000
first_order,Kepler-770,0.94,G,3,0.0,9.2,19.379055030804352,-9.2,2000,2000
first_order,Kepler-79,1.165,F,4,33.33333333333333,26.483333333333327,23.3217711175542,6.850000000000001,2000,2000
first_order,Kepler-81,0.64,K,3,50.0,22.8,24.90923995463448,27.2,2000,2000
first_order,Kepler-82,0.91,G,5,50.0,14.925,15.96470516187044,35.075,2000,2000
first_order,Kepler-83,0.66,K,3,50.0,22.3,28.47130674299701,27.7,2000,2000
first_order,Kepler-84,1.0,G,5,25.0,22.1875,19.845636003519566,2.8125,2000,2000
first_order,Kepler-85,0.928,G,4,33.33333333333333,52.11666666666666,24.68111898542572,-18.78333333333333,2000,2000
first_order,Kepler-9,1.022,G,3,50.0,2.675,11.254230486884742,47.325,2000,2000
first_order,Kepler-92,1.21,F,3,50.0,18.875,24.24413875830746,31.125,2000,2000
first_order,Kepler-968,0.76,K,3,50.0,50.95,25.532791890642624,-0.9500000000000028,2000,2000
first_order,L 98-59,0.2923,M,5,25.0,26.8125,20.790465735109,-1.8125,2000,2000
first_order,LHS 1678,0.345,M,3,50.0,15.575,23.16112246409699,34.425,2000,2000
first_order,LHS 1903,0.538,M,4,33.33333333333333,13.783333333333328,18.51942181851923,19.55,2000,2000
first_order,LP 791-18,0.139,M,3,0.0,10.975,20.700570808939254,-10.975,2000,2000
first_order,PSR B1257+12,1.4,F,3,50.0,24.4,28.680154735248884,25.6,2000,2000
first_order,TOI-1117,0.97,G,3,50.0,16.725,27.64790368706359,33.275,2000,2000
first_order,TOI-1136,1.022,G,6,80.0,36.15,19.757851258251026,43.85,2000,2000
first_order,TOI-1203,0.886,K,4,33.33333333333333,8.233333333333333,15.132527402310549,25.099999999999994,2000,2000
first_order,TOI-1246,0.87,K,4,66.66666666666666,15.699999999999996,20.12022671026714,50.96666666666666,2000,2000
first_order,TOI-125,0.859,K,3,50.0,15.275,23.036703754225126,34.725,2000,2000
first_order,TOI-1260,0.679,K,3,0.0,11.6,21.110727875080666,-11.6,2000,2000
first_order,TOI-1266,0.437,M,3,0.0,28.5,42.93799990588708,-28.5,2000,2000
first_order,TOI-1749,0.58,M,3,50.0,21.425,27.524501341296695,28.575,2000,2000
first_order,TOI-178,0.647,K,6,80.0,34.42,20.66584473398764,45.58,2000,2000
first_order,TOI-2076,0.849,K,4,33.33333333333333,14.516666666666662,18.8561734622595,18.816666666666666,2000,2000
first_order,TOI-2141,0.896,K,3,0.0,6.875,17.223027937783552,-6.875,2000,2000
first_order,TOI-270,0.386,M,3,50.0,24.275,24.995735003880007,25.725,2000,2000
first_order,TOI-375,1.441,F,3,0.0,0.0,0.0,0.0,2000,2000
first_order,TOI-4010,0.88,K,4,0.0,2.1166666666666667,8.1307030411736,-2.1166666666666667,2000,2000
first_order,TOI-4504,0.89,K,3,50.0,0.0,0.0,50.0,2000,2000
first_order,TOI-451,0.93,G,3,0.0,10.65,20.476502229916758,-10.65,2000,2000
first_order,TOI-469,0.901,G,3,0.0,19.325,27.076945091308563,-19.325,2000,2000
first_order,TOI-500,0.74,K,4,0.0,5.516666666666666,12.657094669282442,-5.516666666666666,2000,2000
first_order,TOI-5789,0.821,K,4,0.0,11.699999999999996,17.41440871277023,-11.699999999999996,2000,2000
first_order,TOI-663,0.514,M,3,50.0,28.175,30.337758071129635,21.825,2000,2000
first_order,TOI-700,0.415,M,4,33.33333333333333,36.28333333333333,26.87404254363072,-2.950000000000003,2000,2000
first_order,TOI-712,0.732,K,3,0.0,7.4,17.75943971102199,-7.4,2000,2000
first_order,TRAPPIST-1,0.0898,M,7,66.66666666666666,37.2,18.921037749061686,29.466666666666654,2000,2000
first_order,Teegarden's Star,0.097,M,3,0.0,11.7,21.173902972374787,-11.7,2000,2000
first_order,V1298 Tau,1.1,F,4,100.0,24.799999999999994,23.038683686976775,75.2,2000,2000
first_order,WASP-132,0.789,K,3,0.0,0.25,3.527565996679646,-0.25,2000,2000
first_order,WASP-47,1.058,G,4,0.0,0.0,0.0,0.0,2000,2000
first_order,Wolf 1061,0.294,M,3,0.0,3.575,12.886132127236639,-3.575,2000,2000
first_order,YZ Cet,0.142,M,3,100.0,32.2,34.94668275126637,67.8,2000,2000
first_order,ups And,1.3,F,3,0.0,0.0,0.0,0.0,2000,2000
